route_id,airline,origin_iata,destination_iata,origin_airport,destination_airport,origin_city,destination_city,origin_country,destination_country,origin_latitude,origin_longitude,destination_latitude,destination_longitude,region,distance_km,route_type,summer_2026_status,route_scope,data_note
QR-DOH-ABJ,Qatar Airways,DOH,ABJ,Hamad International Airport,Félix-Houphouët-Boigny International Airport,Doha,Abidjan,QA,CI,25.273056,51.608056,5.26139,-3.92629,Africa,6307,Long-haul,On official Apr-2026 network map,Qatar Airways network destination from Doha,Airport geography from OurAirports; network membership based on Qatar Airways official Apr-2026 network map plus Summer 2026 destination announcements.
QR-DOH-ABV,Qatar Airways,DOH,ABV,Hamad International Airport,Nnamdi Azikiwe International Airport,Doha,Abuja,QA,NG,25.273056,51.608056,9.00679,7.26317,Africa,5018,Medium-haul,On official Apr-2026 network map,Qatar Airways network destination from Doha,Airport geography from OurAirports; network membership based on Qatar Airways official Apr-2026 network map plus Summer 2026 destination announcements.
QR-DOH-ACC,Qatar Airways,DOH,ACC,Hamad International Airport,Kotoka International Airport,Doha,Accra,QA,GH,25.273056,51.608056,5.605189800262451,-0.1667860001325607,Africa,5919,Medium-haul,On official Apr-2026 network map,Qatar Airways network destination from Doha,Airport geography from OurAirports; network membership based on Qatar Airways official Apr-2026 network map plus Summer 2026 destination announcements.
QR-DOH-ADD,Qatar Airways,DOH,ADD,Hamad International Airport,Addis Ababa Bole International Airport,Doha,Addis Ababa,QA,ET,25.273056,51.608056,8.97789,38.799301,Africa,2263,Short-haul,On official Apr-2026 network map,Qatar Airways network destination from Doha,Airport geography from OurAirports; network membership based on Qatar Airways official Apr-2026 network map plus Summer 2026 destination announcements.
QR-DOH-ADL,Qatar Airways,DOH,ADL,Hamad International Airport,Adelaide International Airport,Doha,Adelaide,QA,AU,25.273056,51.608056,-34.947512,138.533393,Asia-Pacific,11322,Long-haul,Returning / announced (2026-06-16),Qatar Airways network destination from Doha,Airport geography from OurAirports; network membership based on Qatar Airways official Apr-2026 network map plus Summer 2026 destination announcements.
QR-DOH-AGP,Qatar Airways,DOH,AGP,Hamad International Airport,Málaga-Costa del Sol Airport,Doha,Málaga,QA,ES,25.273056,51.608056,36.6749,-4.49911,Europe,5420,Medium-haul,On official Apr-2026 network map,Qatar Airways network destination from Doha,Airport geography from OurAirports; network membership based on Qatar Airways official Apr-2026 network map plus Summer 2026 destination announcements.
QR-DOH-AHB,Qatar Airways,DOH,AHB,Hamad International Airport,Abha International Airport,Doha,Abha,QA,SA,25.273056,51.608056,18.2404,42.656601,Middle East,1210,Short-haul,On official Apr-2026 network map,Qatar Airways network destination from Doha,Airport geography from OurAirports; network membership based on Qatar Airways official Apr-2026 network map plus Summer 2026 destination announcements.
QR-DOH-AKL,Qatar Airways,DOH,AKL,Hamad International Airport,Auckland International Airport,Doha,Auckland,QA,NZ,25.273056,51.608056,-37.01199,174.786331,Asia-Pacific,14534,Ultra-long-haul,Returning / announced (2026-06-16),Qatar Airways network destination from Doha,Airport geography from OurAirports; network membership based on Qatar Airways official Apr-2026 network map plus Summer 2026 destination announcements.
QR-DOH-ALA,Qatar Airways,DOH,ALA,Hamad International Airport,Almaty International Airport,Doha,Almaty,QA,KZ,25.273056,51.608056,43.354267,77.042828,Caucasus & Central Asia,3060,Medium-haul,Returning / announced (2026-06-16),Qatar Airways network destination from Doha,Airport geography from OurAirports; network membership based on Qatar Airways official Apr-2026 network map plus Summer 2026 destination announcements.
QR-DOH-ALG,Qatar Airways,DOH,ALG,Hamad International Airport,Houari Boumediene Airport,Doha,Algiers,QA,DZ,25.273056,51.608056,36.693886,3.214531,Africa,4732,Medium-haul,On official Apr-2026 network map,Qatar Airways network destination from Doha,Airport geography from OurAirports; network membership based on Qatar Airways official Apr-2026 network map plus Summer 2026 destination announcements.
QR-DOH-AMD,Qatar Airways,DOH,AMD,Hamad International Airport,Sardar Vallabh Patel International Airport,Doha,Ahmedabad,QA,IN,25.273056,51.608056,23.0772,72.634697,Asia-Pacific,2145,Short-haul,On official Apr-2026 network map,Qatar Airways network destination from Doha,Airport geography from OurAirports; network membership based on Qatar Airways official Apr-2026 network map plus Summer 2026 destination announcements.
QR-DOH-AMS,Qatar Airways,DOH,AMS,Hamad International Airport,Amsterdam Airport Schiphol,Doha,Amsterdam,QA,NL,25.273056,51.608056,52.308601,4.76389,Europe,4923,Medium-haul,On official Apr-2026 network map,Qatar Airways network destination from Doha,Airport geography from OurAirports; network membership based on Qatar Airways official Apr-2026 network map plus Summer 2026 destination announcements.
QR-DOH-ARN,Qatar Airways,DOH,ARN,Hamad International Airport,Stockholm-Arlanda Airport,Doha,Stockholm,QA,SE,25.273056,51.608056,59.64849,17.928829,Europe,4617,Medium-haul,On official Apr-2026 network map,Qatar Airways network destination from Doha,Airport geography from OurAirports; network membership based on Qatar Airways official Apr-2026 network map plus Summer 2026 destination announcements.
QR-DOH-ATH,Qatar Airways,DOH,ATH,Hamad International Airport,Athens Eleftherios Venizelos International Airport,Doha,Spata-Artemida,QA,GR,25.273056,51.608056,37.936401,23.9445,Europe,2958,Medium-haul,On official Apr-2026 network map,Qatar Airways network destination from Doha,Airport geography from OurAirports; network membership based on Qatar Airways official Apr-2026 network map plus Summer 2026 destination announcements.
QR-DOH-ATQ,Qatar Airways,DOH,ATQ,Hamad International Airport,Sri Guru Ram Das Ji International Airport,Doha,Amritsar,QA,IN,25.273056,51.608056,31.7096,74.797302,Asia-Pacific,2371,Short-haul,On official Apr-2026 network map,Qatar Airways network destination from Doha,Airport geography from OurAirports; network membership based on Qatar Airways official Apr-2026 network map plus Summer 2026 destination announcements.
QR-DOH-AYT,Qatar Airways,DOH,AYT,Hamad International Airport,Antalya International Airport,Doha,Antalya,QA,TR,25.273056,51.608056,36.898701,30.800501,Europe,2357,Short-haul,On official Apr-2026 network map,Qatar Airways network destination from Doha,Airport geography from OurAirports; network membership based on Qatar Airways official Apr-2026 network map plus Summer 2026 destination announcements.
QR-DOH-BCN,Qatar Airways,DOH,BCN,Hamad International Airport,Josep Tarradellas Barcelona-El Prat Airport,Doha,Barcelona,QA,ES,25.273056,51.608056,41.2971,2.07846,Europe,4862,Medium-haul,On official Apr-2026 network map,Qatar Airways network destination from Doha,Airport geography from OurAirports; network membership based on Qatar Airways official Apr-2026 network map plus Summer 2026 destination announcements.
QR-DOH-BEG,Qatar Airways,DOH,BEG,Hamad International Airport,Belgrade Nikola Tesla Airport,Doha,Belgrade,QA,RS,25.273056,51.608056,44.818401,20.309099,Europe,3546,Medium-haul,Returning / announced (2026-06-16),Qatar Airways network destination from Doha,Airport geography from OurAirports; network membership based on Qatar Airways official Apr-2026 network map plus Summer 2026 destination announcements.
QR-DOH-BER,Qatar Airways,DOH,BER,Hamad International Airport,Berlin Brandenburg Airport,Doha,Berlin,QA,DE,25.273056,51.608056,52.361738,13.502341,Europe,4382,Medium-haul,On official Apr-2026 network map,Qatar Airways network destination from Doha,Airport geography from OurAirports; network membership based on Qatar Airways official Apr-2026 network map plus Summer 2026 destination announcements.
QR-DOH-BHX,Qatar Airways,DOH,BHX,Hamad International Airport,Birmingham Airport,Doha,"Birmingham, West Midlands",QA,GB,25.273056,51.608056,52.453899,-1.74803,Europe,5352,Medium-haul,On official Apr-2026 network map,Qatar Airways network destination from Doha,Airport geography from OurAirports; network membership based on Qatar Airways official Apr-2026 network map plus Summer 2026 destination announcements.
QR-DOH-BJV,Qatar Airways,DOH,BJV,Hamad International Airport,Milas Bodrum International Airport,Doha,Bodrum,QA,TR,25.273056,51.608056,37.249314,27.66401,Europe,2625,Medium-haul,On official Apr-2026 network map,Qatar Airways network destination from Doha,Airport geography from OurAirports; network membership based on Qatar Airways official Apr-2026 network map plus Summer 2026 destination announcements.
QR-DOH-BKK,Qatar Airways,DOH,BKK,Hamad International Airport,Suvarnabhumi Airport,Doha,Bangkok,QA,TH,25.273056,51.608056,13.6811,100.747002,Asia-Pacific,5280,Medium-haul,On official Apr-2026 network map,Qatar Airways network destination from Doha,Airport geography from OurAirports; network membership based on Qatar Airways official Apr-2026 network map plus Summer 2026 destination announcements.
QR-DOH-BLR,Qatar Airways,DOH,BLR,Hamad International Airport,Kempegowda International Airport Bengaluru,Doha,Bengaluru,QA,IN,25.273056,51.608056,13.1979,77.706299,Asia-Pacific,3043,Medium-haul,On official Apr-2026 network map,Qatar Airways network destination from Doha,Airport geography from OurAirports; network membership based on Qatar Airways official Apr-2026 network map plus Summer 2026 destination announcements.
QR-DOH-BNE,Qatar Airways,DOH,BNE,Hamad International Airport,Brisbane International Airport,Doha,Brisbane,QA,AU,25.273056,51.608056,-27.38419914245605,153.11700439453125,Asia-Pacific,12330,Ultra-long-haul,On official Apr-2026 network map,Qatar Airways network destination from Doha,Airport geography from OurAirports; network membership based on Qatar Airways official Apr-2026 network map plus Summer 2026 destination announcements.
QR-DOH-BOG,Qatar Airways,DOH,BOG,Hamad International Airport,El Dorado International Airport,Doha,Bogota,QA,CO,25.273056,51.608056,4.70159,-74.1469,Americas,13282,Ultra-long-haul,Returning / announced (2026-07-22),Qatar Airways network destination from Doha,Airport geography from OurAirports; network membership based on Qatar Airways official Apr-2026 network map plus Summer 2026 destination announcements.
QR-DOH-BOM,Qatar Airways,DOH,BOM,Hamad International Airport,Chhatrapati Shivaji Maharaj International Airport,Doha,Mumbai,QA,IN,25.273056,51.608056,19.088699,72.867897,Asia-Pacific,2291,Short-haul,On official Apr-2026 network map,Qatar Airways network destination from Doha,Airport geography from OurAirports; network membership based on Qatar Airways official Apr-2026 network map plus Summer 2026 destination announcements.
QR-DOH-BOS,Qatar Airways,DOH,BOS,Hamad International Airport,Boston Logan International Airport,Doha,Boston,QA,US,25.273056,51.608056,42.36197,-71.0079,Americas,10470,Long-haul,Returning / announced (2026-06-16),Qatar Airways network destination from Doha,Airport geography from OurAirports; network membership based on Qatar Airways official Apr-2026 network map plus Summer 2026 destination announcements.
QR-DOH-BRU,Qatar Airways,DOH,BRU,Hamad International Airport,Brussels Airport,Doha,Zaventem,QA,BE,25.273056,51.608056,50.901402,4.48444,Europe,4892,Medium-haul,Returning / announced (2026-06-16),Qatar Airways network destination from Doha,Airport geography from OurAirports; network membership based on Qatar Airways official Apr-2026 network map plus Summer 2026 destination announcements.
QR-DOH-BUD,Qatar Airways,DOH,BUD,Hamad International Airport,Budapest Liszt Ferenc International Airport,Doha,Budapest,QA,HU,25.273056,51.608056,47.43018,19.262393,Europe,3756,Medium-haul,Returning / announced (2026-06-16),Qatar Airways network destination from Doha,Airport geography from OurAirports; network membership based on Qatar Airways official Apr-2026 network map plus Summer 2026 destination announcements.
QR-DOH-CAI,Qatar Airways,DOH,CAI,Hamad International Airport,Cairo International Airport,Doha,Cairo,QA,EG,25.273056,51.608056,30.111534,31.396694,Africa,2058,Short-haul,On official Apr-2026 network map,Qatar Airways network destination from Doha,Airport geography from OurAirports; network membership based on Qatar Airways official Apr-2026 network map plus Summer 2026 destination announcements.
QR-DOH-CAN,Qatar Airways,DOH,CAN,Hamad International Airport,Guangzhou Baiyun International Airport,Doha,Guangzhou (Huadu),QA,CN,25.273056,51.608056,23.392401,113.299004,Asia-Pacific,6197,Long-haul,On official Apr-2026 network map,Qatar Airways network destination from Doha,Airport geography from OurAirports; network membership based on Qatar Airways official Apr-2026 network map plus Summer 2026 destination announcements.
QR-DOH-CCS,Qatar Airways,DOH,CCS,Hamad International Airport,Maiquetía Simón Bolívar International Airport,Doha,Maiquetía,QA,VE,25.273056,51.608056,10.602214,-66.991174,Americas,12265,Ultra-long-haul,Returning / announced (2026-07-22),Qatar Airways network destination from Doha,Airport geography from OurAirports; network membership based on Qatar Airways official Apr-2026 network map plus Summer 2026 destination announcements.
QR-DOH-CCU,Qatar Airways,DOH,CCU,Hamad International Airport,Netaji Subhash Chandra Bose International Airport,Doha,Kolkata,QA,IN,25.273056,51.608056,22.654012,88.44765,Asia-Pacific,3743,Medium-haul,On official Apr-2026 network map,Qatar Airways network destination from Doha,Airport geography from OurAirports; network membership based on Qatar Airways official Apr-2026 network map plus Summer 2026 destination announcements.
QR-DOH-CDG,Qatar Airways,DOH,CDG,Hamad International Airport,Charles de Gaulle International Airport,Doha,"Paris (Roissy-en-France, Val-d'Oise)",QA,FR,25.273056,51.608056,49.00896,2.554117,Europe,4969,Medium-haul,On official Apr-2026 network map,Qatar Airways network destination from Doha,Airport geography from OurAirports; network membership based on Qatar Airways official Apr-2026 network map plus Summer 2026 destination announcements.
QR-DOH-CGK,Qatar Airways,DOH,CGK,Hamad International Airport,Soekarno-Hatta International Airport,Doha,Jakarta,QA,ID,25.273056,51.608056,-6.12557,106.655998,Asia-Pacific,6894,Long-haul,On official Apr-2026 network map,Qatar Airways network destination from Doha,Airport geography from OurAirports; network membership based on Qatar Airways official Apr-2026 network map plus Summer 2026 destination announcements.
QR-DOH-CKG,Qatar Airways,DOH,CKG,Hamad International Airport,Chongqing Jiangbei International Airport,Doha,Chongqing,QA,CN,25.273056,51.608056,29.712254,106.651895,Asia-Pacific,5402,Medium-haul,On official Apr-2026 network map,Qatar Airways network destination from Doha,Airport geography from OurAirports; network membership based on Qatar Airways official Apr-2026 network map plus Summer 2026 destination announcements.
QR-DOH-CMB,Qatar Airways,DOH,CMB,Hamad International Airport,Bandaranaike International Colombo Airport,Doha,Colombo,QA,LK,25.273056,51.608056,7.180759906768799,79.88410186767578,Asia-Pacific,3613,Medium-haul,On official Apr-2026 network map,Qatar Airways network destination from Doha,Airport geography from OurAirports; network membership based on Qatar Airways official Apr-2026 network map plus Summer 2026 destination announcements.
QR-DOH-CMN,Qatar Airways,DOH,CMN,Hamad International Airport,Mohammed V International Airport,Doha,Casablanca,QA,MA,25.273056,51.608056,33.3675,-7.58997,Africa,5734,Medium-haul,On official Apr-2026 network map,Qatar Airways network destination from Doha,Airport geography from OurAirports; network membership based on Qatar Airways official Apr-2026 network map plus Summer 2026 destination announcements.
QR-DOH-COK,Qatar Airways,DOH,COK,Hamad International Airport,Cochin International Airport,Doha,Kochi,QA,IN,25.273056,51.608056,10.151047,76.400838,Asia-Pacific,3108,Medium-haul,On official Apr-2026 network map,Qatar Airways network destination from Doha,Airport geography from OurAirports; network membership based on Qatar Airways official Apr-2026 network map plus Summer 2026 destination announcements.
QR-DOH-CPH,Qatar Airways,DOH,CPH,Hamad International Airport,Copenhagen Kastrup Airport,Doha,Copenhagen,QA,DK,25.273056,51.608056,55.617900848389,12.656000137329,Europe,4610,Medium-haul,On official Apr-2026 network map,Qatar Airways network destination from Doha,Airport geography from OurAirports; network membership based on Qatar Airways official Apr-2026 network map plus Summer 2026 destination announcements.
QR-DOH-CPT,Qatar Airways,DOH,CPT,Hamad International Airport,Cape Town International Airport,Doha,Cape Town,QA,ZA,25.273056,51.608056,-33.97403,18.604333,Africa,7453,Long-haul,On official Apr-2026 network map,Qatar Airways network destination from Doha,Airport geography from OurAirports; network membership based on Qatar Airways official Apr-2026 network map plus Summer 2026 destination announcements.
QR-DOH-CRK,Qatar Airways,DOH,CRK,Hamad International Airport,Clark International Airport / Clark Air Base,Doha,Mabalacat,QA,PH,25.273056,51.608056,15.186,120.559998,Asia-Pacific,7209,Long-haul,On official Apr-2026 network map,Qatar Airways network destination from Doha,Airport geography from OurAirports; network membership based on Qatar Airways official Apr-2026 network map plus Summer 2026 destination announcements.
QR-DOH-DAC,Qatar Airways,DOH,DAC,Hamad International Airport,Hazrat Shahjalal International Airport,Doha,Dhaka,QA,BD,25.273056,51.608056,23.843347,90.397783,Asia-Pacific,3913,Medium-haul,On official Apr-2026 network map,Qatar Airways network destination from Doha,Airport geography from OurAirports; network membership based on Qatar Airways official Apr-2026 network map plus Summer 2026 destination announcements.
QR-DOH-DAR,Qatar Airways,DOH,DAR,Hamad International Airport,Julius Nyerere International Airport,Doha,Dar es Salaam,QA,TZ,25.273056,51.608056,-6.873499,39.207288,Africa,3818,Medium-haul,On official Apr-2026 network map,Qatar Airways network destination from Doha,Airport geography from OurAirports; network membership based on Qatar Airways official Apr-2026 network map plus Summer 2026 destination announcements.
QR-DOH-DEL,Qatar Airways,DOH,DEL,Hamad International Airport,Indira Gandhi International Airport,Doha,New Delhi,QA,IN,25.273056,51.608056,28.55563,77.09519,Asia-Pacific,2548,Medium-haul,On official Apr-2026 network map,Qatar Airways network destination from Doha,Airport geography from OurAirports; network membership based on Qatar Airways official Apr-2026 network map plus Summer 2026 destination announcements.
QR-DOH-DFW,Qatar Airways,DOH,DFW,Hamad International Airport,Dallas Fort Worth International Airport,Doha,Dallas-Fort Worth,QA,US,25.273056,51.608056,32.896801,-97.038002,Americas,12745,Ultra-long-haul,On official Apr-2026 network map,Qatar Airways network destination from Doha,Airport geography from OurAirports; network membership based on Qatar Airways official Apr-2026 network map plus Summer 2026 destination announcements.
QR-DOH-DMM,Qatar Airways,DOH,DMM,Hamad International Airport,King Fahd International Airport,Doha,Ad Dammam,QA,SA,25.273056,51.608056,26.4691,49.798209,Middle East,225,Short-haul,On official Apr-2026 network map,Qatar Airways network destination from Doha,Airport geography from OurAirports; network membership based on Qatar Airways official Apr-2026 network map plus Summer 2026 destination announcements.
QR-DOH-DPS,Qatar Airways,DOH,DPS,Hamad International Airport,Denpasar I Gusti Ngurah Rai International Airport,Doha,"Kuta, Badung",QA,ID,25.273056,51.608056,-8.748409,115.167123,Asia-Pacific,7844,Long-haul,On official Apr-2026 network map,Qatar Airways network destination from Doha,Airport geography from OurAirports; network membership based on Qatar Airways official Apr-2026 network map plus Summer 2026 destination announcements.
QR-DOH-DUB,Qatar Airways,DOH,DUB,Hamad International Airport,Dublin Airport,Doha,Dublin,QA,IE,25.273056,51.608056,53.428713,-6.262121,Europe,5670,Medium-haul,On official Apr-2026 network map,Qatar Airways network destination from Doha,Airport geography from OurAirports; network membership based on Qatar Airways official Apr-2026 network map plus Summer 2026 destination announcements.
QR-DOH-DUR,Qatar Airways,DOH,DUR,Hamad International Airport,King Shaka International Airport,Doha,Durban,QA,ZA,25.273056,51.608056,-29.6144444444,31.1197222222,Africa,6483,Long-haul,On official Apr-2026 network map,Qatar Airways network destination from Doha,Airport geography from OurAirports; network membership based on Qatar Airways official Apr-2026 network map plus Summer 2026 destination announcements.
QR-DOH-DUS,Qatar Airways,DOH,DUS,Hamad International Airport,Düsseldorf Airport,Doha,Düsseldorf,QA,DE,25.273056,51.608056,51.289501,6.76678,Europe,4755,Medium-haul,Returning / announced (2026-06-16),Qatar Airways network destination from Doha,Airport geography from OurAirports; network membership based on Qatar Airways official Apr-2026 network map plus Summer 2026 destination announcements.
QR-DOH-EBB,Qatar Airways,DOH,EBB,Hamad International Airport,Entebbe International Airport,Doha,Entebbe,QA,UG,25.273056,51.608056,0.042386,32.443501,Africa,3480,Medium-haul,On official Apr-2026 network map,Qatar Airways network destination from Doha,Airport geography from OurAirports; network membership based on Qatar Airways official Apr-2026 network map plus Summer 2026 destination announcements.
QR-DOH-EDI,Qatar Airways,DOH,EDI,Hamad International Airport,Edinburgh Airport,Doha,"Ingliston, Edinburgh",QA,GB,25.273056,51.608056,55.950145,-3.372288,Europe,5547,Medium-haul,On official Apr-2026 network map,Qatar Airways network destination from Doha,Airport geography from OurAirports; network membership based on Qatar Airways official Apr-2026 network map plus Summer 2026 destination announcements.
QR-DOH-ESB,Qatar Airways,DOH,ESB,Hamad International Airport,Esenboğa International Airport,Doha,Ankara,QA,TR,25.273056,51.608056,40.128101,32.995098,Europe,2391,Short-haul,On official Apr-2026 network map,Qatar Airways network destination from Doha,Airport geography from OurAirports; network membership based on Qatar Airways official Apr-2026 network map plus Summer 2026 destination announcements.
QR-DOH-EVN,Qatar Airways,DOH,EVN,Hamad International Airport,Zvartnots International Airport,Doha,Yerevan,QA,AM,25.273056,51.608056,40.148941,44.397887,Caucasus & Central Asia,1785,Short-haul,Returning / announced (2026-06-16),Qatar Airways network destination from Doha,Airport geography from OurAirports; network membership based on Qatar Airways official Apr-2026 network map plus Summer 2026 destination announcements.
QR-DOH-FCO,Qatar Airways,DOH,FCO,Hamad International Airport,Rome–Fiumicino Leonardo da Vinci International Airport,Doha,Rome,QA,IT,25.273056,51.608056,41.804532,12.251998,Europe,4038,Medium-haul,On official Apr-2026 network map,Qatar Airways network destination from Doha,Airport geography from OurAirports; network membership based on Qatar Airways official Apr-2026 network map plus Summer 2026 destination announcements.
QR-DOH-FIH,Qatar Airways,DOH,FIH,Hamad International Airport,Ndjili International Airport,Doha,Kinshasa,QA,CD,25.273056,51.608056,-4.38575,15.4446,Africa,5109,Medium-haul,On official Apr-2026 network map,Qatar Airways network destination from Doha,Airport geography from OurAirports; network membership based on Qatar Airways official Apr-2026 network map plus Summer 2026 destination announcements.
QR-DOH-FRA,Qatar Airways,DOH,FRA,Hamad International Airport,Frankfurt Main Airport,Doha,Frankfurt am Main,QA,DE,25.273056,51.608056,50.026706,8.55835,Europe,4588,Medium-haul,On official Apr-2026 network map,Qatar Airways network destination from Doha,Airport geography from OurAirports; network membership based on Qatar Airways official Apr-2026 network map plus Summer 2026 destination announcements.
QR-DOH-GOX,Qatar Airways,DOH,GOX,Hamad International Airport,Manohar International Airport,Doha,Mopa,QA,IN,25.273056,51.608056,15.744257,73.860625,Asia-Pacific,2543,Medium-haul,On official Apr-2026 network map,Qatar Airways network destination from Doha,Airport geography from OurAirports; network membership based on Qatar Airways official Apr-2026 network map plus Summer 2026 destination announcements.
QR-DOH-GRU,Qatar Airways,DOH,GRU,Hamad International Airport,São Paulo/Guarulhos–Governor André Franco Montoro International Airport,Doha,São Paulo,QA,BR,25.273056,51.608056,-23.431274,-46.469954,Americas,11858,Long-haul,On official Apr-2026 network map,Qatar Airways network destination from Doha,Airport geography from OurAirports; network membership based on Qatar Airways official Apr-2026 network map plus Summer 2026 destination announcements.
QR-DOH-GVA,Qatar Airways,DOH,GVA,Hamad International Airport,Geneva International Airport,Doha,Geneva,QA,CH,25.273056,51.608056,46.238098,6.10895,Europe,4636,Medium-haul,On official Apr-2026 network map,Qatar Airways network destination from Doha,Airport geography from OurAirports; network membership based on Qatar Airways official Apr-2026 network map plus Summer 2026 destination announcements.
QR-DOH-GYD,Qatar Airways,DOH,GYD,Hamad International Airport,Heydar Aliyev International Airport,Doha,Baku,QA,AZ,25.273056,51.608056,40.47278,50.050931,Caucasus & Central Asia,1696,Short-haul,Returning / announced (2026-06-16),Qatar Airways network destination from Doha,Airport geography from OurAirports; network membership based on Qatar Airways official Apr-2026 network map plus Summer 2026 destination announcements.
QR-DOH-HAN,Qatar Airways,DOH,HAN,Hamad International Airport,Noi Bai International Airport,Doha,Hanoi (Soc Son),QA,VN,25.273056,51.608056,21.221201,105.806999,Asia-Pacific,5519,Medium-haul,On official Apr-2026 network map,Qatar Airways network destination from Doha,Airport geography from OurAirports; network membership based on Qatar Airways official Apr-2026 network map plus Summer 2026 destination announcements.
QR-DOH-HAS,Qatar Airways,DOH,HAS,Hamad International Airport,Hail International Airport,Doha,Hail,QA,SA,25.273056,51.608056,27.437901,41.686298,Middle East,1017,Short-haul,On official Apr-2026 network map,Qatar Airways network destination from Doha,Airport geography from OurAirports; network membership based on Qatar Airways official Apr-2026 network map plus Summer 2026 destination announcements.
QR-DOH-HEL,Qatar Airways,DOH,HEL,Hamad International Airport,Helsinki Vantaa Airport,Doha,Helsinki (Vantaa),QA,FI,25.273056,51.608056,60.318363,24.963341,Europe,4397,Medium-haul,Returning / announced (2026-07-15),Qatar Airways network destination from Doha,Airport geography from OurAirports; network membership based on Qatar Airways official Apr-2026 network map plus Summer 2026 destination announcements.
QR-DOH-HGH,Qatar Airways,DOH,HGH,Hamad International Airport,Hangzhou Xiaoshan International Airport,Doha,Hangzhou,QA,CN,25.273056,51.608056,30.23609,120.428865,Asia-Pacific,6692,Long-haul,On official Apr-2026 network map,Qatar Airways network destination from Doha,Airport geography from OurAirports; network membership based on Qatar Airways official Apr-2026 network map plus Summer 2026 destination announcements.
QR-DOH-HKG,Qatar Airways,DOH,HKG,Hamad International Airport,Hong Kong International Airport,Doha,Hong Kong,QA,HK,25.273056,51.608056,22.31184,113.914862,Asia-Pacific,6291,Long-haul,On official Apr-2026 network map,Qatar Airways network destination from Doha,Airport geography from OurAirports; network membership based on Qatar Airways official Apr-2026 network map plus Summer 2026 destination announcements.
QR-DOH-HKT,Qatar Airways,DOH,HKT,Hamad International Airport,Phuket International Airport,Doha,Phuket,QA,TH,25.273056,51.608056,8.113257,98.3174,Asia-Pacific,5295,Medium-haul,On official Apr-2026 network map,Qatar Airways network destination from Doha,Airport geography from OurAirports; network membership based on Qatar Airways official Apr-2026 network map plus Summer 2026 destination announcements.
QR-DOH-HND,Qatar Airways,DOH,HND,Hamad International Airport,Tokyo Haneda International Airport,Doha,Tokyo,QA,JP,25.273056,51.608056,35.549678,139.786958,Asia-Pacific,8255,Long-haul,Returning / announced (2026-07-15),Qatar Airways network destination from Doha,Airport geography from OurAirports; network membership based on Qatar Airways official Apr-2026 network map plus Summer 2026 destination announcements.
QR-DOH-HRE,Qatar Airways,DOH,HRE,Hamad International Airport,Robert Gabriel Mugabe International Airport,Doha,Harare,QA,ZW,25.273056,51.608056,-17.931801,31.0928,Africa,5293,Medium-haul,On official Apr-2026 network map,Qatar Airways network destination from Doha,Airport geography from OurAirports; network membership based on Qatar Airways official Apr-2026 network map plus Summer 2026 destination announcements.
QR-DOH-HYD,Qatar Airways,DOH,HYD,Hamad International Airport,Rajiv Gandhi International Airport,Doha,Hyderabad,QA,IN,25.273056,51.608056,17.231318,78.429855,Asia-Pacific,2914,Medium-haul,On official Apr-2026 network map,Qatar Airways network destination from Doha,Airport geography from OurAirports; network membership based on Qatar Airways official Apr-2026 network map plus Summer 2026 destination announcements.
QR-DOH-IAD,Qatar Airways,DOH,IAD,Hamad International Airport,Washington Dulles International Airport,Doha,Dulles,QA,US,25.273056,51.608056,38.9445,-77.455803,Americas,11127,Long-haul,On official Apr-2026 network map,Qatar Airways network destination from Doha,Airport geography from OurAirports; network membership based on Qatar Airways official Apr-2026 network map plus Summer 2026 destination announcements.
QR-DOH-IAH,Qatar Airways,DOH,IAH,Hamad International Airport,George Bush Intercontinental Airport,Doha,Houston,QA,US,25.273056,51.608056,29.9844,-95.3414,Americas,12933,Ultra-long-haul,On official Apr-2026 network map,Qatar Airways network destination from Doha,Airport geography from OurAirports; network membership based on Qatar Airways official Apr-2026 network map plus Summer 2026 destination announcements.
QR-DOH-ICN,Qatar Airways,DOH,ICN,Hamad International Airport,Incheon International Airport,Doha,Seoul,QA,KR,25.273056,51.608056,37.469101,126.450996,Asia-Pacific,7052,Long-haul,On official Apr-2026 network map,Qatar Airways network destination from Doha,Airport geography from OurAirports; network membership based on Qatar Airways official Apr-2026 network map plus Summer 2026 destination announcements.
QR-DOH-ISB,Qatar Airways,DOH,ISB,Hamad International Airport,Islamabad International Airport,Doha,Attock,QA,PK,25.273056,51.608056,33.549,72.82566,Asia-Pacific,2246,Short-haul,On official Apr-2026 network map,Qatar Airways network destination from Doha,Airport geography from OurAirports; network membership based on Qatar Airways official Apr-2026 network map plus Summer 2026 destination announcements.
QR-DOH-IST,Qatar Airways,DOH,IST,Hamad International Airport,İstanbul Airport,Doha,Istanbul,QA,TR,25.273056,51.608056,41.274874,28.732136,Europe,2757,Medium-haul,On official Apr-2026 network map,Qatar Airways network destination from Doha,Airport geography from OurAirports; network membership based on Qatar Airways official Apr-2026 network map plus Summer 2026 destination announcements.
QR-DOH-JED,Qatar Airways,DOH,JED,Hamad International Airport,King Abdulaziz International Airport,Doha,Jeddah,QA,SA,25.273056,51.608056,21.680241,39.157436,Middle East,1331,Short-haul,On official Apr-2026 network map,Qatar Airways network destination from Doha,Airport geography from OurAirports; network membership based on Qatar Airways official Apr-2026 network map plus Summer 2026 destination announcements.
QR-DOH-JFK,Qatar Airways,DOH,JFK,Hamad International Airport,John F. Kennedy International Airport,Doha,New York,QA,US,25.273056,51.608056,40.639447,-73.779317,Americas,10770,Long-haul,On official Apr-2026 network map,Qatar Airways network destination from Doha,Airport geography from OurAirports; network membership based on Qatar Airways official Apr-2026 network map plus Summer 2026 destination announcements.
QR-DOH-JMK,Qatar Airways,DOH,JMK,Hamad International Airport,Mykonos Island National Airport,Doha,Mykonos,QA,GR,25.273056,51.608056,37.435101,25.348101,Europe,2823,Medium-haul,On official Apr-2026 network map,Qatar Airways network destination from Doha,Airport geography from OurAirports; network membership based on Qatar Airways official Apr-2026 network map plus Summer 2026 destination announcements.
QR-DOH-JNB,Qatar Airways,DOH,JNB,Hamad International Airport,O.R. Tambo International Airport,Doha,Johannesburg,QA,ZA,25.273056,51.608056,-26.140081,28.246801,Africa,6243,Long-haul,On official Apr-2026 network map,Qatar Airways network destination from Doha,Airport geography from OurAirports; network membership based on Qatar Airways official Apr-2026 network map plus Summer 2026 destination announcements.
QR-DOH-JRO,Qatar Airways,DOH,JRO,Hamad International Airport,Kilimanjaro International Airport,Doha,Arusha,QA,TZ,25.273056,51.608056,-3.427049,37.07353,Africa,3556,Medium-haul,On official Apr-2026 network map,Qatar Airways network destination from Doha,Airport geography from OurAirports; network membership based on Qatar Airways official Apr-2026 network map plus Summer 2026 destination announcements.
QR-DOH-KGL,Qatar Airways,DOH,KGL,Hamad International Airport,Kigali International Airport,Doha,Kigali,QA,RW,25.273056,51.608056,-1.96863,30.1395,Africa,3811,Medium-haul,Returning / announced (2026-06-16),Qatar Airways network destination from Doha,Airport geography from OurAirports; network membership based on Qatar Airways official Apr-2026 network map plus Summer 2026 destination announcements.
QR-DOH-KHI,Qatar Airways,DOH,KHI,Hamad International Airport,Jinnah International Airport,Doha,Karachi,QA,PK,25.273056,51.608056,24.9065,67.160797,Asia-Pacific,1566,Short-haul,On official Apr-2026 network map,Qatar Airways network destination from Doha,Airport geography from OurAirports; network membership based on Qatar Airways official Apr-2026 network map plus Summer 2026 destination announcements.
QR-DOH-KIX,Qatar Airways,DOH,KIX,Hamad International Airport,Kansai International Airport,Doha,Osaka,QA,JP,25.273056,51.608056,34.427299,135.244003,Asia-Pacific,7905,Long-haul,Returning / announced (2026-06-16),Qatar Airways network destination from Doha,Airport geography from OurAirports; network membership based on Qatar Airways official Apr-2026 network map plus Summer 2026 destination announcements.
QR-DOH-KTI,Qatar Airways,DOH,KTI,Hamad International Airport,Techo International Airport,Doha,Phnom Penh (Boeng Khyang),QA,KH,25.273056,51.608056,11.359987,104.921272,Asia-Pacific,5797,Medium-haul,On official Apr-2026 network map,Qatar Airways network destination from Doha,Airport geography from OurAirports; network membership based on Qatar Airways official Apr-2026 network map plus Summer 2026 destination announcements.
QR-DOH-KTM,Qatar Airways,DOH,KTM,Hamad International Airport,Tribhuvan International Airport,Doha,Kathmandu,QA,NP,25.273056,51.608056,27.6966,85.3591,Asia-Pacific,3360,Medium-haul,On official Apr-2026 network map,Qatar Airways network destination from Doha,Airport geography from OurAirports; network membership based on Qatar Airways official Apr-2026 network map plus Summer 2026 destination announcements.
QR-DOH-KUL,Qatar Airways,DOH,KUL,Hamad International Airport,Kuala Lumpur International Airport,Doha,Sepang,QA,MY,25.273056,51.608056,2.74558,101.709999,Asia-Pacific,5909,Medium-haul,On official Apr-2026 network map,Qatar Airways network destination from Doha,Airport geography from OurAirports; network membership based on Qatar Airways official Apr-2026 network map plus Summer 2026 destination announcements.
QR-DOH-LAX,Qatar Airways,DOH,LAX,Hamad International Airport,Los Angeles International Airport,Doha,Los Angeles,QA,US,25.273056,51.608056,33.942501,-118.407997,Americas,13347,Ultra-long-haul,On official Apr-2026 network map,Qatar Airways network destination from Doha,Airport geography from OurAirports; network membership based on Qatar Airways official Apr-2026 network map plus Summer 2026 destination announcements.
QR-DOH-LCA,Qatar Airways,DOH,LCA,Hamad International Airport,Larnaca International Airport,Doha,Larnaca,QA,CY,25.273056,51.608056,34.875099,33.624901,Europe,2028,Short-haul,On official Apr-2026 network map,Qatar Airways network destination from Doha,Airport geography from OurAirports; network membership based on Qatar Airways official Apr-2026 network map plus Summer 2026 destination announcements.
QR-DOH-LGW,Qatar Airways,DOH,LGW,Hamad International Airport,London Gatwick Airport,Doha,London,QA,GB,25.273056,51.608056,51.148744,-0.185739,Europe,5215,Medium-haul,On official Apr-2026 network map,Qatar Airways network destination from Doha,Airport geography from OurAirports; network membership based on Qatar Airways official Apr-2026 network map plus Summer 2026 destination announcements.
QR-DOH-LHE,Qatar Airways,DOH,LHE,Hamad International Airport,Allama Iqbal International Airport,Doha,Lahore,QA,PK,25.273056,51.608056,31.521601,74.403603,Asia-Pacific,2330,Short-haul,On official Apr-2026 network map,Qatar Airways network destination from Doha,Airport geography from OurAirports; network membership based on Qatar Airways official Apr-2026 network map plus Summer 2026 destination announcements.
QR-DOH-LHR,Qatar Airways,DOH,LHR,Hamad International Airport,London Heathrow Airport,Doha,London,QA,GB,25.273056,51.608056,51.470748,-0.459909,Europe,5241,Medium-haul,On official Apr-2026 network map,Qatar Airways network destination from Doha,Airport geography from OurAirports; network membership based on Qatar Airways official Apr-2026 network map plus Summer 2026 destination announcements.
QR-DOH-LIS,Qatar Airways,DOH,LIS,Hamad International Airport,Lisbon Humberto Delgado Airport,Doha,Lisbon,QA,PT,25.273056,51.608056,38.7813,-9.13592,Europe,5812,Medium-haul,Returning / announced (2026-06-16),Qatar Airways network destination from Doha,Airport geography from OurAirports; network membership based on Qatar Airways official Apr-2026 network map plus Summer 2026 destination announcements.
QR-DOH-LOS,Qatar Airways,DOH,LOS,Hamad International Airport,Murtala Muhammed International Airport,Doha,Lagos,QA,NG,25.273056,51.608056,6.57737,3.32116,Africa,5528,Medium-haul,On official Apr-2026 network map,Qatar Airways network destination from Doha,Airport geography from OurAirports; network membership based on Qatar Airways official Apr-2026 network map plus Summer 2026 destination announcements.
QR-DOH-LUN,Qatar Airways,DOH,LUN,Hamad International Airport,Kenneth Kaunda International Airport,Doha,Lusaka,QA,ZM,25.273056,51.608056,-15.330833,28.452722,Africa,5165,Medium-haul,On official Apr-2026 network map,Qatar Airways network destination from Doha,Airport geography from OurAirports; network membership based on Qatar Airways official Apr-2026 network map plus Summer 2026 destination announcements.
QR-DOH-MAA,Qatar Airways,DOH,MAA,Hamad International Airport,Chennai International Airport,Doha,Chennai,QA,IN,25.273056,51.608056,12.990005,80.169296,Asia-Pacific,3286,Medium-haul,On official Apr-2026 network map,Qatar Airways network destination from Doha,Airport geography from OurAirports; network membership based on Qatar Airways official Apr-2026 network map plus Summer 2026 destination announcements.
QR-DOH-MAD,Qatar Airways,DOH,MAD,Hamad International Airport,Adolfo Suárez Madrid–Barajas Airport,Doha,Madrid,QA,ES,25.273056,51.608056,40.493407,-3.572249,Europe,5331,Medium-haul,On official Apr-2026 network map,Qatar Airways network destination from Doha,Airport geography from OurAirports; network membership based on Qatar Airways official Apr-2026 network map plus Summer 2026 destination announcements.
QR-DOH-MAN,Qatar Airways,DOH,MAN,Hamad International Airport,Manchester Airport,Doha,"Manchester, Greater Manchester",QA,GB,25.273056,51.608056,53.349375,-2.279521,Europe,5410,Medium-haul,On official Apr-2026 network map,Qatar Airways network destination from Doha,Airport geography from OurAirports; network membership based on Qatar Airways official Apr-2026 network map plus Summer 2026 destination announcements.
QR-DOH-MCT,Qatar Airways,DOH,MCT,Hamad International Airport,Muscat International Airport,Doha,Muscat/Seeb,QA,OM,25.273056,51.608056,23.600218,58.285268,Middle East,701,Short-haul,On official Apr-2026 network map,Qatar Airways network destination from Doha,Airport geography from OurAirports; network membership based on Qatar Airways official Apr-2026 network map plus Summer 2026 destination announcements.
QR-DOH-MED,Qatar Airways,DOH,MED,Hamad International Airport,Prince Mohammad Bin Abdulaziz Airport,Doha,Medina,QA,SA,25.273056,51.608056,24.5534,39.705101,Middle East,1203,Short-haul,On official Apr-2026 network map,Qatar Airways network destination from Doha,Airport geography from OurAirports; network membership based on Qatar Airways official Apr-2026 network map plus Summer 2026 destination announcements.
QR-DOH-MEL,Qatar Airways,DOH,MEL,Hamad International Airport,Melbourne Airport,Doha,Melbourne,QA,AU,25.273056,51.608056,-37.670732,144.837898,Asia-Pacific,11957,Long-haul,On official Apr-2026 network map,Qatar Airways network destination from Doha,Airport geography from OurAirports; network membership based on Qatar Airways official Apr-2026 network map plus Summer 2026 destination announcements.
QR-DOH-MIA,Qatar Airways,DOH,MIA,Hamad International Airport,Miami International Airport,Doha,Miami,QA,US,25.273056,51.608056,25.796011,-80.289751,Americas,12340,Ultra-long-haul,On official Apr-2026 network map,Qatar Airways network destination from Doha,Airport geography from OurAirports; network membership based on Qatar Airways official Apr-2026 network map plus Summer 2026 destination announcements.
QR-DOH-MLE,Qatar Airways,DOH,MLE,Hamad International Airport,Velana International Airport,Doha,Malé,QA,MV,25.273056,51.608056,4.19183,73.529099,Asia-Pacific,3312,Medium-haul,On official Apr-2026 network map,Qatar Airways network destination from Doha,Airport geography from OurAirports; network membership based on Qatar Airways official Apr-2026 network map plus Summer 2026 destination announcements.
QR-DOH-MNL,Qatar Airways,DOH,MNL,Hamad International Airport,Ninoy Aquino International Airport,Doha,Manila (Pasay),QA,PH,25.273056,51.608056,14.5086,121.019997,Asia-Pacific,7282,Long-haul,On official Apr-2026 network map,Qatar Airways network destination from Doha,Airport geography from OurAirports; network membership based on Qatar Airways official Apr-2026 network map plus Summer 2026 destination announcements.
QR-DOH-MPM,Qatar Airways,DOH,MPM,Hamad International Airport,Maputo Airport,Doha,Maputo,QA,MZ,25.273056,51.608056,-25.920799,32.572601,Africa,6048,Long-haul,On official Apr-2026 network map,Qatar Airways network destination from Doha,Airport geography from OurAirports; network membership based on Qatar Airways official Apr-2026 network map plus Summer 2026 destination announcements.
QR-DOH-MUN,Qatar Airways,DOH,MUN,Hamad International Airport,José Tadeo Monagas International Airport,Doha,Maturín,QA,VE,25.273056,51.608056,9.749023,-63.153348,Americas,11955,Long-haul,On official Apr-2026 network map,Qatar Airways network destination from Doha,Airport geography from OurAirports; network membership based on Qatar Airways official Apr-2026 network map plus Summer 2026 destination announcements.
QR-DOH-MUX,Qatar Airways,DOH,MUX,Hamad International Airport,Multan International Airport,Doha,Multan,QA,PK,25.273056,51.608056,30.203199,71.419098,Asia-Pacific,2022,Short-haul,On official Apr-2026 network map,Qatar Airways network destination from Doha,Airport geography from OurAirports; network membership based on Qatar Airways official Apr-2026 network map plus Summer 2026 destination announcements.
QR-DOH-MXP,Qatar Airways,DOH,MXP,Hamad International Airport,Milan Malpensa International Airport,Doha,Ferno (VA),QA,IT,25.273056,51.608056,45.6306,8.72811,Europe,4423,Medium-haul,On official Apr-2026 network map,Qatar Airways network destination from Doha,Airport geography from OurAirports; network membership based on Qatar Airways official Apr-2026 network map plus Summer 2026 destination announcements.
QR-DOH-NBJ,Qatar Airways,DOH,NBJ,Hamad International Airport,Dr. Antonio Agostinho Neto International Airport,Doha,Luanda (Ícolo e Bengo),QA,AO,25.273056,51.608056,-9.050734,13.499078,Africa,5620,Medium-haul,On official Apr-2026 network map,Qatar Airways network destination from Doha,Airport geography from OurAirports; network membership based on Qatar Airways official Apr-2026 network map plus Summer 2026 destination announcements.
QR-DOH-NBO,Qatar Airways,DOH,NBO,Hamad International Airport,Jomo Kenyatta International Airport,Doha,Nairobi,QA,KE,25.273056,51.608056,-1.318886,36.928233,Africa,3353,Medium-haul,On official Apr-2026 network map,Qatar Airways network destination from Doha,Airport geography from OurAirports; network membership based on Qatar Airways official Apr-2026 network map plus Summer 2026 destination announcements.
QR-DOH-NCE,Qatar Airways,DOH,NCE,Hamad International Airport,Nice-Côte d'Azur Airport,Doha,"Nice, Alpes-Maritimes",QA,FR,25.273056,51.608056,43.658401,7.21587,Europe,4486,Medium-haul,On official Apr-2026 network map,Qatar Airways network destination from Doha,Airport geography from OurAirports; network membership based on Qatar Airways official Apr-2026 network map plus Summer 2026 destination announcements.
QR-DOH-NRT,Qatar Airways,DOH,NRT,Hamad International Airport,Narita International Airport,Doha,Narita,QA,JP,25.273056,51.608056,35.76858,140.388714,Asia-Pacific,8298,Long-haul,On official Apr-2026 network map,Qatar Airways network destination from Doha,Airport geography from OurAirports; network membership based on Qatar Airways official Apr-2026 network map plus Summer 2026 destination announcements.
QR-DOH-ORD,Qatar Airways,DOH,ORD,Hamad International Airport,Chicago O'Hare International Airport,Doha,Chicago,QA,US,25.273056,51.608056,41.9786,-87.9048,Americas,11458,Long-haul,On official Apr-2026 network map,Qatar Airways network destination from Doha,Airport geography from OurAirports; network membership based on Qatar Airways official Apr-2026 network map plus Summer 2026 destination announcements.
QR-DOH-OSL,Qatar Airways,DOH,OSL,Hamad International Airport,Oslo-Gardermoen International Airport,Doha,Oslo (Gardermoen),QA,NO,25.273056,51.608056,60.193901,11.1004,Europe,4958,Medium-haul,Returning / announced (2026-06-16),Qatar Airways network destination from Doha,Airport geography from OurAirports; network membership based on Qatar Airways official Apr-2026 network map plus Summer 2026 destination announcements.
QR-DOH-OTP,Qatar Airways,DOH,OTP,Hamad International Airport,Bucharest Henri Coandă International Airport,Doha,Otopeni,QA,RO,25.273056,51.608056,44.571792,26.103285,Europe,3139,Medium-haul,On official Apr-2026 network map,Qatar Airways network destination from Doha,Airport geography from OurAirports; network membership based on Qatar Airways official Apr-2026 network map plus Summer 2026 destination announcements.
QR-DOH-PEN,Qatar Airways,DOH,PEN,Hamad International Airport,Penang International Airport,Doha,Penang,QA,MY,25.273056,51.608056,5.296303,100.276185,Asia-Pacific,5632,Medium-haul,On official Apr-2026 network map,Qatar Airways network destination from Doha,Airport geography from OurAirports; network membership based on Qatar Airways official Apr-2026 network map plus Summer 2026 destination announcements.
QR-DOH-PER,Qatar Airways,DOH,PER,Hamad International Airport,Perth International Airport,Doha,Perth,QA,AU,25.273056,51.608056,-31.94029998779297,115.96700286865234,Asia-Pacific,9330,Long-haul,On official Apr-2026 network map,Qatar Airways network destination from Doha,Airport geography from OurAirports; network membership based on Qatar Airways official Apr-2026 network map plus Summer 2026 destination announcements.
QR-DOH-PEW,Qatar Airways,DOH,PEW,Hamad International Airport,Bacha Khan International Airport,Doha,Peshawar,QA,PK,25.273056,51.608056,33.9939,71.514603,Asia-Pacific,2149,Short-haul,On official Apr-2026 network map,Qatar Airways network destination from Doha,Airport geography from OurAirports; network membership based on Qatar Airways official Apr-2026 network map plus Summer 2026 destination announcements.
QR-DOH-PHL,Qatar Airways,DOH,PHL,Hamad International Airport,Philadelphia International Airport,Doha,Philadelphia,QA,US,25.273056,51.608056,39.871899,-75.241096,Americas,10919,Long-haul,Returning / announced (2026-08-01),Qatar Airways network destination from Doha,Airport geography from OurAirports; network membership based on Qatar Airways official Apr-2026 network map plus Summer 2026 destination announcements.
QR-DOH-PKX,Qatar Airways,DOH,PKX,Hamad International Airport,Beijing Daxing International Airport,Doha,Beijing,QA,CN,25.273056,51.608056,39.501289,116.413967,Asia-Pacific,6154,Long-haul,On official Apr-2026 network map,Qatar Airways network destination from Doha,Airport geography from OurAirports; network membership based on Qatar Airways official Apr-2026 network map plus Summer 2026 destination announcements.
QR-DOH-PRG,Qatar Airways,DOH,PRG,Hamad International Airport,Václav Havel Airport Prague,Doha,Prague,QA,CZ,25.273056,51.608056,50.100874,14.259911,Europe,4219,Medium-haul,Returning / announced (2026-06-16),Qatar Airways network destination from Doha,Airport geography from OurAirports; network membership based on Qatar Airways official Apr-2026 network map plus Summer 2026 destination announcements.
QR-DOH-PVG,Qatar Airways,DOH,PVG,Hamad International Airport,Shanghai Pudong International Airport,Doha,Shanghai (Pudong),QA,CN,25.273056,51.608056,31.1434,121.805,Asia-Pacific,6796,Long-haul,On official Apr-2026 network map,Qatar Airways network destination from Doha,Airport geography from OurAirports; network membership based on Qatar Airways official Apr-2026 network map plus Summer 2026 destination announcements.
QR-DOH-PZU,Qatar Airways,DOH,PZU,Hamad International Airport,Port Sudan New International Airport,Doha,Port Sudan,QA,SD,25.273056,51.608056,19.434558,37.234125,Africa,1613,Short-haul,Returning / announced (2026-07-02),Qatar Airways network destination from Doha,Airport geography from OurAirports; network membership based on Qatar Airways official Apr-2026 network map plus Summer 2026 destination announcements.
QR-DOH-RAK,Qatar Airways,DOH,RAK,Hamad International Airport,Marrakesh Menara Airport,Doha,Marrakesh,QA,MA,25.273056,51.608056,31.604807,-8.035788,Africa,5804,Medium-haul,Returning / announced (2026-06-16),Qatar Airways network destination from Doha,Airport geography from OurAirports; network membership based on Qatar Airways official Apr-2026 network map plus Summer 2026 destination announcements.
QR-DOH-RSI,Qatar Airways,DOH,RSI,Hamad International Airport,Red Sea International Airport,Doha,Hanak,QA,SA,25.273056,51.608056,25.627975,37.088914,Middle East,1458,Short-haul,On official Apr-2026 network map,Qatar Airways network destination from Doha,Airport geography from OurAirports; network membership based on Qatar Airways official Apr-2026 network map plus Summer 2026 destination announcements.
QR-DOH-RUH,Qatar Airways,DOH,RUH,Hamad International Airport,King Khalid International Airport,Doha,Riyadh,QA,SA,25.273056,51.608056,24.9576,46.698799,Middle East,495,Short-haul,On official Apr-2026 network map,Qatar Airways network destination from Doha,Airport geography from OurAirports; network membership based on Qatar Airways official Apr-2026 network map plus Summer 2026 destination announcements.
QR-DOH-SEA,Qatar Airways,DOH,SEA,Hamad International Airport,Seattle–Tacoma International Airport,Doha,Seattle,QA,US,25.273056,51.608056,47.447943,-122.310276,Americas,11906,Long-haul,On official Apr-2026 network map,Qatar Airways network destination from Doha,Airport geography from OurAirports; network membership based on Qatar Airways official Apr-2026 network map plus Summer 2026 destination announcements.
QR-DOH-SEZ,Qatar Airways,DOH,SEZ,Hamad International Airport,Seychelles International Airport,Doha,Victoria,QA,SC,25.273056,51.608056,-4.67434,55.521801,Africa,3357,Medium-haul,Returning / announced (2026-06-16),Qatar Airways network destination from Doha,Airport geography from OurAirports; network membership based on Qatar Airways official Apr-2026 network map plus Summer 2026 destination announcements.
QR-DOH-SFO,Qatar Airways,DOH,SFO,Hamad International Airport,San Francisco International Airport,Doha,San Francisco,QA,US,25.273056,51.608056,37.619806,-122.374821,Americas,12994,Ultra-long-haul,On official Apr-2026 network map,Qatar Airways network destination from Doha,Airport geography from OurAirports; network membership based on Qatar Airways official Apr-2026 network map plus Summer 2026 destination announcements.
QR-DOH-SGN,Qatar Airways,DOH,SGN,Hamad International Airport,Tan Son Nhat International Airport,Doha,Ho Chi Minh City,QA,VN,25.273056,51.608056,10.8188,106.652,Asia-Pacific,5995,Medium-haul,On official Apr-2026 network map,Qatar Airways network destination from Doha,Airport geography from OurAirports; network membership based on Qatar Airways official Apr-2026 network map plus Summer 2026 destination announcements.
QR-DOH-SIN,Qatar Airways,DOH,SIN,Hamad International Airport,Singapore Changi Airport,Doha,Singapore,QA,SG,25.273056,51.608056,1.35019,103.994003,Asia-Pacific,6207,Long-haul,On official Apr-2026 network map,Qatar Airways network destination from Doha,Airport geography from OurAirports; network membership based on Qatar Airways official Apr-2026 network map plus Summer 2026 destination announcements.
QR-DOH-SJJ,Qatar Airways,DOH,SJJ,Hamad International Airport,Sarajevo International Airport,Doha,Sarajevo,QA,BA,25.273056,51.608056,43.8246,18.331499,Europe,3641,Medium-haul,On official Apr-2026 network map,Qatar Airways network destination from Doha,Airport geography from OurAirports; network membership based on Qatar Airways official Apr-2026 network map plus Summer 2026 destination announcements.
QR-DOH-SKT,Qatar Airways,DOH,SKT,Hamad International Airport,Sialkot International Airport,Doha,Sialkot,QA,PK,25.273056,51.608056,32.535941,74.364623,Asia-Pacific,2352,Short-haul,On official Apr-2026 network map,Qatar Airways network destination from Doha,Airport geography from OurAirports; network membership based on Qatar Airways official Apr-2026 network map plus Summer 2026 destination announcements.
QR-DOH-SLL,Qatar Airways,DOH,SLL,Hamad International Airport,Salalah International Airport,Doha,Salalah,QA,OM,25.273056,51.608056,17.0387,54.091301,Middle East,951,Short-haul,On official Apr-2026 network map,Qatar Airways network destination from Doha,Airport geography from OurAirports; network membership based on Qatar Airways official Apr-2026 network map plus Summer 2026 destination announcements.
QR-DOH-SVO,Qatar Airways,DOH,SVO,Hamad International Airport,Sheremetyevo International Airport,Doha,Moscow,QA,RU,25.273056,51.608056,55.976858,37.41121,Europe,3602,Medium-haul,On official Apr-2026 network map,Qatar Airways network destination from Doha,Airport geography from OurAirports; network membership based on Qatar Airways official Apr-2026 network map plus Summer 2026 destination announcements.
QR-DOH-SYD,Qatar Airways,DOH,SYD,Hamad International Airport,Sydney Kingsford Smith International Airport,Doha,Sydney (Mascot),QA,AU,25.273056,51.608056,-33.946098,151.177002,Asia-Pacific,12375,Ultra-long-haul,On official Apr-2026 network map,Qatar Airways network destination from Doha,Airport geography from OurAirports; network membership based on Qatar Airways official Apr-2026 network map plus Summer 2026 destination announcements.
QR-DOH-TAS,Qatar Airways,DOH,TAS,Hamad International Airport,Tashkent International Airport,Doha,Tashkent,QA,UZ,25.273056,51.608056,41.2579,69.281197,Caucasus & Central Asia,2411,Short-haul,Returning / announced (2026-06-16),Qatar Airways network destination from Doha,Airport geography from OurAirports; network membership based on Qatar Airways official Apr-2026 network map plus Summer 2026 destination announcements.
QR-DOH-TBS,Qatar Airways,DOH,TBS,Hamad International Airport,Tbilisi International Airport,Doha,Tbilisi,QA,GE,25.273056,51.608056,41.669201,44.9547,Caucasus & Central Asia,1923,Short-haul,Returning / announced (2026-06-16),Qatar Airways network destination from Doha,Airport geography from OurAirports; network membership based on Qatar Airways official Apr-2026 network map plus Summer 2026 destination announcements.
QR-DOH-TFU,Qatar Airways,DOH,TFU,Hamad International Airport,Chengdu Tianfu International Airport,Doha,Chengdu (Jianyang),QA,CN,25.273056,51.608056,30.31252,104.441284,Asia-Pacific,5182,Medium-haul,On official Apr-2026 network map,Qatar Airways network destination from Doha,Airport geography from OurAirports; network membership based on Qatar Airways official Apr-2026 network map plus Summer 2026 destination announcements.
QR-DOH-TRV,Qatar Airways,DOH,TRV,Hamad International Airport,Thiruvananthapuram International Airport,Doha,Thiruvananthapuram,QA,IN,25.273056,51.608056,8.481889,76.920029,Asia-Pacific,3265,Medium-haul,On official Apr-2026 network map,Qatar Airways network destination from Doha,Airport geography from OurAirports; network membership based on Qatar Airways official Apr-2026 network map plus Summer 2026 destination announcements.
QR-DOH-TUN,Qatar Airways,DOH,TUN,Hamad International Airport,Tunis Carthage International Airport,Doha,Tunis,QA,TN,25.273056,51.608056,36.851002,10.2272,Africa,4110,Medium-haul,On official Apr-2026 network map,Qatar Airways network destination from Doha,Airport geography from OurAirports; network membership based on Qatar Airways official Apr-2026 network map plus Summer 2026 destination announcements.
QR-DOH-TZX,Qatar Airways,DOH,TZX,Hamad International Airport,Trabzon International Airport,Doha,Trabzon,QA,TR,25.273056,51.608056,40.995098,39.7897,Europe,2061,Short-haul,On official Apr-2026 network map,Qatar Airways network destination from Doha,Airport geography from OurAirports; network membership based on Qatar Airways official Apr-2026 network map plus Summer 2026 destination announcements.
QR-DOH-ULH,Qatar Airways,DOH,ULH,Hamad International Airport,Al-Ula International Airport,Doha,Al-Ula,QA,SA,25.273056,51.608056,26.483634,38.117048,Middle East,1356,Short-haul,On official Apr-2026 network map,Qatar Airways network destination from Doha,Airport geography from OurAirports; network membership based on Qatar Airways official Apr-2026 network map plus Summer 2026 destination announcements.
QR-DOH-VIE,Qatar Airways,DOH,VIE,Hamad International Airport,Vienna International Airport,Doha,Vienna,QA,AT,25.273056,51.608056,48.110298,16.5697,Europe,3969,Medium-haul,On official Apr-2026 network map,Qatar Airways network destination from Doha,Airport geography from OurAirports; network membership based on Qatar Airways official Apr-2026 network map plus Summer 2026 destination announcements.
QR-DOH-WAW,Qatar Airways,DOH,WAW,Hamad International Airport,Warsaw Chopin Airport,Doha,Warsaw,QA,PL,25.273056,51.608056,52.165699,20.9671,Europe,3944,Medium-haul,On official Apr-2026 network map,Qatar Airways network destination from Doha,Airport geography from OurAirports; network membership based on Qatar Airways official Apr-2026 network map plus Summer 2026 destination announcements.
QR-DOH-YUL,Qatar Airways,DOH,YUL,Hamad International Airport,Montreal / Pierre Elliott Trudeau International Airport,Doha,Montréal,QA,CA,25.273056,51.608056,45.467837,-73.742294,Americas,10407,Long-haul,On official Apr-2026 network map,Qatar Airways network destination from Doha,Airport geography from OurAirports; network membership based on Qatar Airways official Apr-2026 network map plus Summer 2026 destination announcements.
QR-DOH-YYZ,Qatar Airways,DOH,YYZ,Hamad International Airport,Toronto Pearson International Airport,Doha,Toronto,QA,CA,25.273056,51.608056,43.675935,-79.629421,Americas,10879,Long-haul,On official Apr-2026 network map,Qatar Airways network destination from Doha,Airport geography from OurAirports; network membership based on Qatar Airways official Apr-2026 network map plus Summer 2026 destination announcements.
QR-DOH-ZAG,Qatar Airways,DOH,ZAG,Hamad International Airport,Zagreb Franjo Tuđman International Airport,Doha,Velika Gorica,QA,HR,25.273056,51.608056,45.742901,16.0688,Europe,3890,Medium-haul,Returning / announced (2026-06-16),Qatar Airways network destination from Doha,Airport geography from OurAirports; network membership based on Qatar Airways official Apr-2026 network map plus Summer 2026 destination announcements.
QR-DOH-ZRH,Qatar Airways,DOH,ZRH,Hamad International Airport,Zürich Airport,Doha,Zurich,QA,CH,25.273056,51.608056,47.458056,8.548056,Europe,4495,Medium-haul,On official Apr-2026 network map,Qatar Airways network destination from Doha,Airport geography from OurAirports; network membership based on Qatar Airways official Apr-2026 network map plus Summer 2026 destination announcements.
